lat,lon,currentSpeed,freeFlowSpeed,currentTravelTime,freeFlowTravelTime,confidence
28.404,76.936,36,36,471,471,1.0
28.404,76.956,44,44,2043,2043,1.0
28.404,76.976,41,47,374,326,1.0
28.404,76.996,37,43,519,446,1.0
28.404,77.01599999999999,37,43,519,446,1.0
28.404,77.03599999999999,37,43,519,446,1.0
28.404,77.05599999999998,31,44,2185,1539,1.0
28.404,77.07599999999998,31,44,2185,1539,1.0
28.404,77.09599999999998,29,34,1253,1068,1.0
28.404,77.11599999999997,31,38,508,415,1.0
28.404,77.13599999999997,55,55,1456,1456,1.0
28.404,77.15599999999996,55,55,1456,1456,1.0
28.404,77.17599999999996,55,55,1456,1456,1.0
28.404,77.19599999999996,55,55,1456,1456,1.0
28.404,77.21599999999995,45,51,1625,1434,1.0
28.404,77.23599999999995,55,55,1456,1456,1.0
28.404,77.25599999999994,55,55,1456,1456,1.0
28.404,77.27599999999994,22,29,1853,1406,0.95771
28.404,77.29599999999994,23,31,647,480,0.945371
28.404,77.31599999999993,12,33,1008,366,0.960338
28.404,77.33599999999993,48,48,829,829,1.0
28.404,77.35599999999992,29,35,1160,961,0.997984
28.404,77.37599999999992,27,32,1459,1231,0.941335
28.424,76.936,44,44,2043,2043,1.0
28.424,76.956,58,58,480,480,1.0
28.424,76.976,47,47,330,330,1.0
28.424,76.996,57,57,1276,1276,1.0
28.424,77.01599999999999,27,35,1996,1539,1.0
28.424,77.03599999999999,38,38,188,188,1.0
28.424,77.05599999999998,27,33,1277,1045,1.0
28.424,77.07599999999998,33,42,1462,1149,1.0
28.424,77.09599999999998,29,34,1253,1068,1.0
28.424,77.11599999999997,43,48,217,194,1.0
28.424,77.13599999999997,45,51,1625,1434,1.0
28.424,77.15599999999996,45,51,1625,1434,1.0
28.424,77.17599999999996,29,35,721,597,0.982244
28.424,77.19599999999996,29,35,721,597,0.982244
28.424,77.21599999999995,45,51,1625,1434,1.0
28.424,77.23599999999995,22,29,1853,1406,0.95771
28.424,77.25599999999994,47,47,474,474,1.0
28.424,77.27599999999994,22,29,1853,1406,0.95771
28.424,77.29599999999994,39,39,151,151,1.0
28.424,77.31599999999993,12,21,340,194,0.89
28.424,77.33599999999993,38,38,1344,1344,1.0
28.424,77.35599999999992,27,32,1459,1231,0.941335
28.424,77.37599999999992,27,32,1459,1231,0.941335
28.444,76.936,35,35,795,795,1.0
28.444,76.956,58,58,480,480,1.0
28.444,76.976,30,35,2237,1917,0.96013
28.444,76.996,27,35,1996,1539,1.0
28.444,77.01599999999999,27,27,461,461,1.0
28.444,77.03599999999999,39,39,71,71,1.0
28.444,77.05599999999998,32,36,1581,1405,1.0
28.444,77.07599999999998,27,33,1277,1045,1.0
28.444,77.09599999999998,37,37,51,51,1.0
28.444,77.11599999999997,55,55,1456,1456,1.0
28.444,77.13599999999997,23,28,1802,1480,0.974099
28.444,77.15599999999996,23,29,1802,1429,0.978811
28.444,77.17599999999996,29,35,721,597,0.982244
28.444,77.19599999999996,55,55,1456,1456,1.0
28.444,77.21599999999995,45,51,1625,1434,1.0
28.444,77.23599999999995,22,29,1853,1406,0.95771
28.444,77.25599999999994,35,49,633,452,1.0
28.444,77.27599999999994,35,49,633,452,1.0
28.444,77.29599999999994,22,29,1853,1406,0.95771
28.444,77.31599999999993,26,26,481,481,1.0
28.444,77.33599999999993,48,48,829,829,1.0
28.444,77.35599999999992,48,48,829,829,1.0
28.444,77.37599999999992,70,70,1036,1036,1.0
28.464,76.936,33,39,2258,1911,0.965795
28.464,76.956,33,39,2258,1911,0.965795
28.464,76.976,33,39,2258,1911,0.965795
28.464,76.996,25,33,1049,795,1.0
28.464,77.01599999999999,33,40,926,764,1.0
28.464,77.03599999999999,27,37,2481,1810,1.0
28.464,77.05599999999998,57,57,1276,1276,1.0
28.464,77.07599999999998,29,34,1253,1068,1.0
28.464,77.09599999999998,41,41,259,259,1.0
28.464,77.11599999999997,55,55,1456,1456,1.0
28.464,77.13599999999997,21,21,712,712,1.0
28.464,77.15599999999996,23,31,1101,817,1.0
28.464,77.17599999999996,23,31,1101,817,1.0
28.464,77.19599999999996,28,34,1655,1363,0.986456
28.464,77.21599999999995,55,55,1456,1456,1.0
28.464,77.23599999999995,35,49,633,452,1.0
28.464,77.25599999999994,35,49,633,452,1.0
28.464,77.27599999999994,44,44,631,631,1.0
28.464,77.29599999999994,22,23,488,467,0.940506
28.464,77.31599999999993,15,22,668,455,0.998412
28.464,77.33599999999993,38,38,1344,1344,1.0
28.464,77.35599999999992,14,18,1685,1311,0.691238
28.464,77.37599999999992,41,41,1594,1594,1.0
28.483999999999998,76.936,35,40,2107,1843,0.943713
28.483999999999998,76.956,42,42,822,822,1.0
28.483999999999998,76.976,31,31,199,199,1.0
28.483999999999998,76.996,52,52,530,530,1.0
28.483999999999998,77.01599999999999,19,29,553,362,1.0
28.483999999999998,77.03599999999999,23,33,491,342,1.0
28.483999999999998,77.05599999999998,19,29,2210,1448,0.983571
28.483999999999998,77.07599999999998,51,51,163,163,1.0
28.483999999999998,77.09599999999998,27,37,2481,1810,1.0
28.483999999999998,77.11599999999997,31,37,1776,1488,1.0
28.483999999999998,77.13599999999997,27,37,2481,1810,1.0
28.483999999999998,77.15599999999996,23,28,1802,1480,0.974099
28.483999999999998,77.17599999999996,28,34,1655,1363,0.986456
28.483999999999998,77.19599999999996,23,31,1101,817,1.0
28.483999999999998,77.21599999999995,23,30,1805,1384,0.999495
28.483999999999998,77.23599999999995,20,30,2033,1355,1.0
28.483999999999998,77.25599999999994,38,38,454,454,1.0
28.483999999999998,77.27599999999994,44,44,631,631,1.0
28.483999999999998,77.29599999999994,44,44,631,631,1.0
28.483999999999998,77.31599999999993,35,41,1611,1375,0.890606
28.483999999999998,77.33599999999993,14,18,1685,1311,0.691238
28.483999999999998,77.35599999999992,14,18,1685,1311,0.691238
28.483999999999998,77.37599999999992,34,34,1358,1358,1.0
28.503999999999998,76.936,44,44,1138,1138,1.0
28.503999999999998,76.956,31,31,717,717,1.0
28.503999999999998,76.976,42,42,822,822,1.0
28.503999999999998,76.996,34,34,200,200,1.0
28.503999999999998,77.01599999999999,52,52,530,530,1.0
28.503999999999998,77.03599999999999,28,33,548,465,0.9958
28.503999999999998,77.05599999999998,18,27,2016,1344,0.99972
28.503999999999998,77.07599999999998,18,27,2016,1344,0.99972
28.503999999999998,77.09599999999998,42,42,152,152,1.0
28.503999999999998,77.11599999999997,57,57,1276,1276,1.0
28.503999999999998,77.13599999999997,30,37,1835,1488,1.0
28.503999999999998,77.15599999999996,30,37,1835,1488,1.0
28.503999999999998,77.17599999999996,24,30,1055,844,1.0
28.503999999999998,77.19599999999996,12,15,1160,928,0.902791
28.503999999999998,77.21599999999995,20,30,2033,1355,1.0
28.503999999999998,77.23599999999995,20,30,2033,1355,1.0
28.503999999999998,77.25599999999994,20,30,2033,1355,1.0
28.503999999999998,77.27599999999994,20,30,2033,1355,1.0
28.503999999999998,77.29599999999994,31,46,1108,746,1.0
28.503999999999998,77.31599999999993,38,38,1344,1344,1.0
28.503999999999998,77.33599999999993,16,16,386,386,1.0
28.503999999999998,77.35599999999992,37,37,1285,1285,1.0
28.503999999999998,77.37599999999992,37,37,1285,1285,1.0
28.523999999999997,76.936,31,31,717,717,1.0
28.523999999999997,76.956,30,30,740,740,1.0
28.523999999999997,76.976,44,44,1138,1138,1.0
28.523999999999997,76.996,44,44,1138,1138,1.0
28.523999999999997,77.01599999999999,27,33,651,533,0.977056
28.523999999999997,77.03599999999999,21,30,462,323,0.96163
28.523999999999997,77.05599999999998,25,34,615,452,0.975267
28.523999999999997,77.07599999999998,31,37,2085,1747,0.990088
28.523999999999997,77.09599999999998,30,36,2053,1710,0.98593
28.523999999999997,77.11599999999997,53,56,1419,1343,1.0
28.523999999999997,77.13599999999997,29,35,1147,950,0.972986
28.523999999999997,77.15599999999996,29,35,1147,950,0.972986
28.523999999999997,77.17599999999996,30,37,1835,1488,1.0
28.523999999999997,77.19599999999996,17,22,244,188,0.96
28.523999999999997,77.21599999999995,18,26,259,179,1.0
28.523999999999997,77.23599999999995,16,16,183,183,1.0
28.523999999999997,77.25599999999994,19,28,724,491,0.998161
28.523999999999997,77.27599999999994,22,35,895,562,0.985375
28.523999999999997,77.29599999999994,50,53,1480,1396,1.0
28.523999999999997,77.31599999999993,38,38,1344,1344,1.0
28.523999999999997,77.33599999999993,34,34,1358,1358,1.0
28.523999999999997,77.35599999999992,34,34,1358,1358,1.0
28.523999999999997,77.37599999999992,45,45,50,50,1.0
28.543999999999997,76.936,43,43,958,958,1.0
28.543999999999997,76.956,46,46,646,646,1.0
28.543999999999997,76.976,36,36,690,690,1.0
28.543999999999997,76.996,36,36,690,690,1.0
28.543999999999997,77.01599999999999,30,36,2053,1710,0.98593
28.543999999999997,77.03599999999999,64,64,224,224,1.0
28.543999999999997,77.05599999999998,49,49,429,429,1.0
28.543999999999997,77.07599999999998,50,50,473,473,1.0
28.543999999999997,77.09599999999998,50,50,473,473,1.0
28.543999999999997,77.11599999999997,21,32,760,498,0.994527
28.543999999999997,77.13599999999997,26,40,247,161,1.0
28.543999999999997,77.15599999999996,27,37,549,400,1.0
28.543999999999997,77.17599999999996,26,39,626,417,1.0
28.543999999999997,77.19599999999996,27,44,2081,1277,0.998237
28.543999999999997,77.21599999999995,32,43,2043,1520,0.990866
28.543999999999997,77.23599999999995,32,43,2043,1520,0.990866
28.543999999999997,77.25599999999994,27,44,2081,1277,0.998237
28.543999999999997,77.27599999999994,31,46,1108,746,1.0
28.543999999999997,77.29599999999994,42,42,1562,1562,1.0
28.543999999999997,77.31599999999993,42,42,1562,1562,1.0
28.543999999999997,77.33599999999993,37,37,1285,1285,1.0
28.543999999999997,77.35599999999992,42,42,383,383,1.0
28.543999999999997,77.37599999999992,30,40,1515,1136,1.0
28.563999999999997,76.936,41,41,1005,1005,1.0
28.563999999999997,76.956,33,33,268,268,1.0
28.563999999999997,76.976,42,42,327,327,1.0
28.563999999999997,76.996,31,37,2085,1747,0.990088
28.563999999999997,77.01599999999999,60,60,261,261,1.0
28.563999999999997,77.03599999999999,32,43,190,141,1.0
28.563999999999997,77.05599999999998,21,26,555,448,0.865803
28.563999999999997,77.07599999999998,50,50,473,473,1.0
28.563999999999997,77.09599999999998,29,36,1511,1217,1.0
28.563999999999997,77.11599999999997,20,30,681,454,0.98478
28.563999999999997,77.13599999999997,30,35,1094,937,0.991687
28.563999999999997,77.15599999999996,6,53,1585,179,0.98
28.563999999999997,77.17599999999996,18,28,460,296,1.0
28.563999999999997,77.19599999999996,19,24,207,164,1.0
28.563999999999997,77.21599999999995,20,27,76,56,1.0
28.563999999999997,77.23599999999995,24,24,75,75,1.0
28.563999999999997,77.25599999999994,30,35,263,225,1.0
28.563999999999997,77.27599999999994,17,24,1071,759,0.992613
28.563999999999997,77.29599999999994,17,24,1071,759,0.992613
28.563999999999997,77.31599999999993,26,50,179,93,1.0
28.563999999999997,77.33599999999993,27,32,2454,2071,0.976819
28.563999999999997,77.35599999999992,27,32,2454,2071,0.976819
28.563999999999997,77.37599999999992,30,40,1515,1136,1.0
28.583999999999996,76.936,29,29,675,675,1.0
28.583999999999996,76.956,41,41,1005,1005,1.0
28.583999999999996,76.976,25,25,627,627,1.0
28.583999999999996,76.996,30,36,2053,1710,0.98593
28.583999999999996,77.01599999999999,22,26,872,738,0.969038
28.583999999999996,77.03599999999999,35,35,650,650,1.0
28.583999999999996,77.05599999999998,24,32,903,677,0.99893
28.583999999999996,77.07599999999998,29,36,1511,1217,1.0
28.583999999999996,77.09599999999998,23,36,1922,1228,0.995712
28.583999999999996,77.11599999999997,20,38,809,425,1.0
28.583999999999996,77.13599999999997,8,39,2033,417,0.979143
28.583999999999996,77.15599999999996,2,58,3571,123,1.0
28.583999999999996,77.17599999999996,31,47,588,388,1.0
28.583999999999996,77.19599999999996,27,37,699,510,1.0
28.583999999999996,77.21599999999995,33,45,241,176,1.0
28.583999999999996,77.23599999999995,47,53,465,413,0.996878
28.583999999999996,77.25599999999994,47,53,465,413,0.996878
28.583999999999996,77.27599999999994,60,60,220,220,1.0
28.583999999999996,77.29599999999994,32,39,566,464,1.0
28.583999999999996,77.31599999999993,27,32,2454,2071,0.976819
28.583999999999996,77.33599999999993,20,30,1410,940,0.982749
28.583999999999996,77.35599999999992,33,39,987,835,1.0
28.583999999999996,77.37599999999992,30,40,1515,1136,1.0
28.603999999999996,76.936,27,34,2868,2277,0.963281
28.603999999999996,76.956,27,34,2868,2277,0.963281
28.603999999999996,76.976,43,43,958,958,1.0
28.603999999999996,76.996,26,26,324,324,1.0
28.603999999999996,77.01599999999999,35,35,355,355,1.0
28.603999999999996,77.03599999999999,24,28,1002,859,0.997523
28.603999999999996,77.05599999999998,23,36,1922,1228,0.995712
28.603999999999996,77.07599999999998,20,32,541,338,1.0
28.603999999999996,77.09599999999998,19,19,46,46,1.0
28.603999999999996,77.11599999999997,29,35,809,670,1.0
28.603999999999996,77.13599999999997,8,39,2033,417,0.979143
28.603999999999996,77.15599999999996,28,50,209,117,1.0
28.603999999999996,77.17599999999996,15,31,539,260,1.0
28.603999999999996,77.19599999999996,41,41,84,84,1.0
28.603999999999996,77.21599999999995,25,30,899,749,0.996396
28.603999999999996,77.23599999999995,29,39,641,477,1.0
28.603999999999996,77.25599999999994,50,50,202,202,1.0
28.603999999999996,77.27599999999994,50,50,78,78,1.0
28.603999999999996,77.29599999999994,38,47,1277,1033,0.999666
28.603999999999996,77.31599999999993,19,26,517,378,0.976335
28.603999999999996,77.33599999999993,23,27,411,350,0.991764
28.603999999999996,77.35599999999992,31,31,445,445,1.0
28.603999999999996,77.37599999999992,10,35,143,41,1.0
28.623999999999995,76.936,32,32,568,568,1.0
28.623999999999995,76.956,32,32,568,568,1.0
28.623999999999995,76.976,28,34,1087,895,0.876787
28.623999999999995,76.996,71,71,639,639,1.0
28.623999999999995,77.01599999999999,20,30,3464,2309,0.99761
28.623999999999995,77.03599999999999,11,15,314,230,0.98
28.623999999999995,77.05599999999998,20,30,3464,2309,0.99761
28.623999999999995,77.07599999999998,20,30,3517,2345,1.0
28.623999999999995,77.09599999999998,33,38,923,801,1.0
28.623999999999995,77.11599999999997,22,33,1179,786,1.0
28.623999999999995,77.13599999999997,33,48,891,612,1.0
28.623999999999995,77.15599999999996,32,39,610,500,1.0
28.623999999999995,77.17599999999996,36,44,661,540,1.0
28.623999999999995,77.19599999999996,29,45,624,402,1.0
28.623999999999995,77.21599999999995,21,31,232,157,1.0
28.623999999999995,77.23599999999995,25,31,570,460,1.0
28.623999999999995,77.25599999999994,29,38,981,748,1.0
28.623999999999995,77.27599999999994,42,50,1153,969,1.0
28.623999999999995,77.29599999999994,34,34,140,140,1.0
28.623999999999995,77.31599999999993,34,40,256,217,1.0
28.623999999999995,77.33599999999993,36,36,313,313,1.0
28.623999999999995,77.35599999999992,28,35,539,431,1.0
28.623999999999995,77.37599999999992,30,38,1520,1200,1.0
28.643999999999995,76.936,28,28,1690,1690,1.0
28.643999999999995,76.956,25,32,1470,1148,0.928843
28.643999999999995,76.976,27,27,407,407,1.0
28.643999999999995,76.996,56,59,571,542,0.944474
28.643999999999995,77.01599999999999,27,27,515,515,1.0
28.643999999999995,77.03599999999999,22,25,1447,1273,0.936846
28.643999999999995,77.05599999999998,22,25,1447,1273,0.936846
28.643999999999995,77.07599999999998,30,30,137,137,1.0
28.643999999999995,77.09599999999998,20,30,3517,2345,1.0
28.643999999999995,77.11599999999997,20,30,3517,2345,1.0
28.643999999999995,77.13599999999997,22,33,1179,786,1.0
28.643999999999995,77.15599999999996,24,37,627,407,0.998743
28.643999999999995,77.17599999999996,21,35,380,228,1.0
28.643999999999995,77.19599999999996,36,44,661,540,1.0
28.643999999999995,77.21599999999995,17,26,913,597,1.0
28.643999999999995,77.23599999999995,18,25,882,635,1.0
28.643999999999995,77.25599999999994,64,64,22,22,1.0
28.643999999999995,77.27599999999994,24,30,506,404,0.998394
28.643999999999995,77.29599999999994,28,33,437,370,0.998006
28.643999999999995,77.31599999999993,34,40,766,651,1.0
28.643999999999995,77.33599999999993,17,24,297,210,1.0
28.643999999999995,77.35599999999992,31,31,491,491,1.0
28.643999999999995,77.37599999999992,18,26,420,291,0.9979
28.663999999999994,76.936,65,65,492,492,1.0
28.663999999999994,76.956,56,59,571,542,0.944474
28.663999999999994,76.976,39,39,467,467,1.0
28.663999999999994,76.996,28,35,1087,870,0.966446
28.663999999999994,77.01599999999999,27,27,515,515,1.0
28.663999999999994,77.03599999999999,27,27,516,516,1.0
28.663999999999994,77.05599999999998,27,34,2868,2277,0.963281
28.663999999999994,77.07599999999998,18,22,790,646,0.938278
28.663999999999994,77.09599999999998,42,50,1266,1063,1.0
28.663999999999994,77.11599999999997,19,25,371,281,1.0
28.663999999999994,77.13599999999997,33,48,891,612,1.0
28.663999999999994,77.15599999999996,20,30,3464,2309,0.99761
28.663999999999994,77.17599999999996,25,34,938,689,1.0
28.663999999999994,77.19599999999996,23,31,1246,924,0.966438
28.663999999999994,77.21599999999995,12,12,15,15,1.0
28.663999999999994,77.23599999999995,43,43,84,84,1.0
28.663999999999994,77.25599999999994,42,50,1153,969,1.0
28.663999999999994,77.27599999999994,7,16,1724,754,0.798334
28.663999999999994,77.29599999999994,21,28,773,580,1.0
28.663999999999994,77.31599999999993,23,30,707,542,0.99141
28.663999999999994,77.33599999999993,23,32,342,246,0.99
28.663999999999994,77.35599999999992,43,43,673,673,1.0
28.663999999999994,77.37599999999992,32,32,143,143,1.0
28.683999999999994,76.936,26,31,1413,1185,0.859324
28.683999999999994,76.956,29,42,2316,1599,0.9949
28.683999999999994,76.976,29,42,2316,1599,0.9949
28.683999999999994,76.996,29,42,2316,1599,0.9949
28.683999999999994,77.01599999999999,29,37,2110,1654,0.992008
28.683999999999994,77.03599999999999,29,37,2110,1654,0.992008
28.683999999999994,77.05599999999998,29,37,2110,1654,0.992008
28.683999999999994,77.07599999999998,29,37,2110,1654,0.992008
28.683999999999994,77.09599999999998,42,50,1266,1063,1.0
28.683999999999994,77.11599999999997,26,32,785,638,1.0
28.683999999999994,77.13599999999997,19,27,392,276,1.0
28.683999999999994,77.15599999999996,21,33,530,337,1.0
28.683999999999994,77.17599999999996,24,30,556,445,1.0
28.683999999999994,77.19599999999996,15,25,2181,1308,0.980545
28.683999999999994,77.21599999999995,25,33,338,256,1.0
28.683999999999994,77.23599999999995,33,43,374,287,1.0
28.683999999999994,77.25599999999994,33,38,1308,1136,0.994318
28.683999999999994,77.27599999999994,18,30,746,448,0.995637
28.683999999999994,77.29599999999994,16,24,865,576,0.988779
28.683999999999994,77.31599999999993,27,27,348,348,1.0
28.683999999999994,77.33599999999993,32,38,1083,912,0.999188
28.683999999999994,77.35599999999992,21,28,435,326,0.96
28.683999999999994,77.37599999999992,24,33,189,138,0.976894
28.703999999999994,76.936,37,46,1059,852,0.992008
28.703999999999994,76.956,22,22,501,501,1.0
28.703999999999994,76.976,31,31,414,414,1.0
28.703999999999994,76.996,32,32,473,473,1.0
28.703999999999994,77.01599999999999,37,37,518,518,1.0
28.703999999999994,77.03599999999999,14,20,1472,1030,0.853833
28.703999999999994,77.05599999999998,15,20,646,484,0.911034
28.703999999999994,77.07599999999998,25,25,161,161,1.0
28.703999999999994,77.09599999999998,19,30,1113,705,0.995495
28.703999999999994,77.11599999999997,37,48,1446,1115,0.995219
28.703999999999994,77.13599999999997,27,39,1798,1245,0.994404
28.703999999999994,77.15599999999996,20,28,599,427,1.0
28.703999999999994,77.17599999999996,39,48,301,245,1.0
28.703999999999994,77.19599999999996,26,30,595,516,0.988546
28.703999999999994,77.21599999999995,25,33,774,587,0.9986
28.703999999999994,77.23599999999995,48,48,262,262,1.0
28.703999999999994,77.25599999999994,36,36,417,417,1.0
28.703999999999994,77.27599999999994,9,13,743,514,0.91
28.703999999999994,77.29599999999994,29,35,1121,928,1.0
28.703999999999994,77.31599999999993,18,18,370,370,1.0
28.703999999999994,77.33599999999993,21,32,1461,958,0.987219
28.703999999999994,77.35599999999992,24,33,1339,973,0.981668
28.703999999999994,77.37599999999992,32,37,109,94,1.0
28.723999999999993,76.936,42,47,2229,1992,0.906281
28.723999999999993,76.956,30,36,2450,2041,0.967175
28.723999999999993,76.976,38,38,447,447,1.0
28.723999999999993,76.996,41,44,1222,1138,0.933607
28.723999999999993,77.01599999999999,30,36,2450,2041,0.967175
28.723999999999993,77.03599999999999,22,22,948,948,1.0
28.723999999999993,77.05599999999998,30,36,2450,2041,0.967175
28.723999999999993,77.07599999999998,19,30,1113,705,0.995495
28.723999999999993,77.09599999999998,26,38,1875,1283,1.0
28.723999999999993,77.11599999999997,27,39,1798,1245,0.994404
28.723999999999993,77.13599999999997,28,34,618,509,1.0
28.723999999999993,77.15599999999996,15,25,2181,1308,0.980195
28.723999999999993,77.17599999999996,35,46,495,376,1.0
28.723999999999993,77.19599999999996,25,32,503,393,0.998404
28.723999999999993,77.21599999999995,36,36,1315,1315,1.0
28.723999999999993,77.23599999999995,38,38,1096,1096,1.0
28.723999999999993,77.25599999999994,41,41,682,682,1.0
28.723999999999993,77.27599999999994,16,20,1234,987,0.814257
28.723999999999993,77.29599999999994,36,43,2014,1686,0.951098
28.723999999999993,77.31599999999993,21,32,1461,958,0.987219
28.723999999999993,77.33599999999993,21,32,1461,958,0.987219
28.723999999999993,77.35599999999992,31,31,1142,1142,1.0
28.723999999999993,77.37599999999992,31,31,1142,1142,1.0
28.743999999999993,76.936,34,34,910,910,1.0
28.743999999999993,76.956,49,49,1586,1586,1.0
28.743999999999993,76.976,30,36,2450,2041,0.967175
28.743999999999993,76.996,28,28,471,471,1.0
28.743999999999993,77.01599999999999,42,42,1730,1730,1.0
28.743999999999993,77.03599999999999,29,29,478,478,1.0
28.743999999999993,77.05599999999998,26,38,1875,1283,1.0
28.743999999999993,77.07599999999998,27,39,1798,1245,0.994404
28.743999999999993,77.09599999999998,23,33,2191,1527,0.977042
28.743999999999993,77.11599999999997,23,33,2191,1527,0.977042
28.743999999999993,77.13599999999997,23,33,2191,1527,0.977042
28.743999999999993,77.15599999999996,67,67,1081,1081,1.0
28.743999999999993,77.17599999999996,35,35,394,394,1.0
28.743999999999993,77.19599999999996,28,33,1479,1255,0.959037
28.743999999999993,77.21599999999995,35,35,1353,1353,1.0
28.743999999999993,77.23599999999995,38,38,1096,1096,1.0
28.743999999999993,77.25599999999994,24,24,329,329,1.0
28.743999999999993,77.27599999999994,19,19,386,386,1.0
28.743999999999993,77.29599999999994,25,34,1228,903,0.98286
28.743999999999993,77.31599999999993,21,32,1461,958,0.987219
28.743999999999993,77.33599999999993,17,17,293,293,1.0
28.743999999999993,77.35599999999992,34,34,1974,1974,1.0
28.743999999999993,77.37599999999992,32,32,1106,1106,1.0
28.763999999999992,76.936,49,49,1586,1586,1.0
28.763999999999992,76.956,30,36,2450,2041,0.967175
28.763999999999992,76.976,34,40,2100,1785,0.791133
28.763999999999992,76.996,28,28,471,471,1.0
28.763999999999992,77.01599999999999,41,44,1222,1138,0.933607
28.763999999999992,77.03599999999999,29,29,478,478,1.0
28.763999999999992,77.05599999999998,25,33,2012,1524,0.988745
28.763999999999992,77.07599999999998,50,50,721,721,1.0
28.763999999999992,77.09599999999998,25,33,2012,1524,0.988745
28.763999999999992,77.11599999999997,22,28,2173,1707,0.750986
28.763999999999992,77.13599999999997,22,28,2173,1707,0.750986
28.763999999999992,77.15599999999996,21,21,264,264,1.0
28.763999999999992,77.17599999999996,28,33,1479,1255,0.959037
28.763999999999992,77.19599999999996,36,36,1315,1315,1.0
28.763999999999992,77.21599999999995,35,35,1353,1353,1.0
28.763999999999992,77.23599999999995,38,38,1096,1096,1.0
28.763999999999992,77.25599999999994,20,20,618,618,1.0
28.763999999999992,77.27599999999994,33,38,1308,1136,0.994318
28.763999999999992,77.29599999999994,23,23,1016,1016,1.0
28.763999999999992,77.31599999999993,41,47,1825,1592,0.771236
28.763999999999992,77.33599999999993,34,34,1974,1974,1.0
28.763999999999992,77.35599999999992,29,29,1076,1076,1.0
28.763999999999992,77.37599999999992,41,47,1825,1592,0.771236
28.783999999999992,76.936,49,49,1586,1586,1.0
28.783999999999992,76.956,30,36,2450,2041,0.967175
28.783999999999992,76.976,30,30,1331,1331,1.0
28.783999999999992,76.996,43,43,281,281,1.0
28.783999999999992,77.01599999999999,41,44,1222,1138,0.933607
28.783999999999992,77.03599999999999,23,33,2191,1527,0.977042
28.783999999999992,77.05599999999998,21,30,650,455,0.811642
28.783999999999992,77.07599999999998,50,50,721,721,1.0
28.783999999999992,77.09599999999998,22,28,2173,1707,0.750986
28.783999999999992,77.11599999999997,27,27,1770,1770,1.0
28.783999999999992,77.13599999999997,69,69,1072,1072,1.0
28.783999999999992,77.15599999999996,36,36,1315,1315,1.0
28.783999999999992,77.17599999999996,36,36,1315,1315,1.0
28.783999999999992,77.19599999999996,36,36,1315,1315,1.0
28.783999999999992,77.21599999999995,35,35,1353,1353,1.0
28.783999999999992,77.23599999999995,33,44,2346,1759,0.955988
28.783999999999992,77.25599999999994,33,33,276,276,1.0
28.783999999999992,77.27599999999994,33,44,2346,1759,0.955988
28.783999999999992,77.29599999999994,22,22,1062,1062,1.0
28.783999999999992,77.31599999999993,29,29,1076,1076,1.0
28.783999999999992,77.33599999999993,41,47,1825,1592,0.771236
28.783999999999992,77.35599999999992,36,36,2108,2108,1.0
28.783999999999992,77.37599999999992,49,49,1573,1573,1.0
28.80399999999999,76.936,44,44,559,559,1.0
28.80399999999999,76.956,49,49,1586,1586,1.0
28.80399999999999,76.976,38,38,455,455,1.0
28.80399999999999,76.996,37,37,467,467,1.0
28.80399999999999,77.01599999999999,42,42,1730,1730,1.0
28.80399999999999,77.03599999999999,37,37,709,709,1.0
28.80399999999999,77.05599999999998,23,23,1634,1634,0.507102
28.80399999999999,77.07599999999998,51,51,707,707,1.0
28.80399999999999,77.09599999999998,22,28,2173,1707,0.750986
28.80399999999999,77.11599999999997,42,42,431,431,1.0
28.80399999999999,77.13599999999997,31,31,982,982,1.0
28.80399999999999,77.15599999999996,33,41,439,353,0.974691
28.80399999999999,77.17599999999996,28,33,1479,1255,0.959037
28.80399999999999,77.19599999999996,35,35,855,855,1.0
28.80399999999999,77.21599999999995,36,36,1097,1097,1.0
28.80399999999999,77.23599999999995,33,44,2346,1759,0.955988
28.80399999999999,77.25599999999994,33,44,2346,1759,0.955988
28.80399999999999,77.27599999999994,36,43,2014,1686,0.951098
28.80399999999999,77.29599999999994,36,43,2014,1686,0.951098
28.80399999999999,77.31599999999993,29,29,1076,1076,1.0
28.80399999999999,77.33599999999993,34,34,1974,1974,1.0
28.80399999999999,77.35599999999992,41,47,1825,1592,0.771236
28.80399999999999,77.37599999999992,49,49,1573,1573,1.0
28.82399999999999,76.936,88,88,1093,1093,1.0
28.82399999999999,76.956,49,49,1586,1586,1.0
28.82399999999999,76.976,42,42,1730,1730,1.0
28.82399999999999,76.996,49,49,1586,1586,1.0
28.82399999999999,77.01599999999999,75,75,816,816,1.0
28.82399999999999,77.03599999999999,54,54,891,891,1.0
28.82399999999999,77.05599999999998,37,37,709,709,1.0
28.82399999999999,77.07599999999998,54,54,430,430,1.0
28.82399999999999,77.09599999999998,27,34,1603,1272,0.833382
28.82399999999999,77.11599999999997,69,69,1072,1072,1.0
28.82399999999999,77.13599999999997,67,67,1081,1081,1.0
28.82399999999999,77.15599999999996,28,28,441,441,1.0
28.82399999999999,77.17599999999996,31,37,515,432,0.709589
28.82399999999999,77.19599999999996,31,37,515,432,0.709589
28.82399999999999,77.21599999999995,35,35,855,855,1.0
28.82399999999999,77.23599999999995,37,37,2006,2006,1.0
28.82399999999999,77.25599999999994,37,37,2006,2006,1.0
28.82399999999999,77.27599999999994,36,43,2014,1686,0.951098
28.82399999999999,77.29599999999994,29,29,1076,1076,1.0
28.82399999999999,77.31599999999993,29,29,1076,1076,1.0
28.82399999999999,77.33599999999993,29,29,1076,1076,1.0
28.82399999999999,77.35599999999992,49,49,1573,1573,1.0
28.82399999999999,77.37599999999992,33,33,748,748,1.0
28.84399999999999,76.936,88,88,1093,1093,1.0
28.84399999999999,76.956,29,39,1409,1048,0.892842
28.84399999999999,76.976,49,49,1586,1586,1.0
28.84399999999999,76.996,49,49,1586,1586,1.0
28.84399999999999,77.01599999999999,75,75,816,816,1.0
28.84399999999999,77.03599999999999,54,54,891,891,1.0
28.84399999999999,77.05599999999998,31,36,849,731,0.851333
28.84399999999999,77.07599999999998,37,37,709,709,1.0
28.84399999999999,77.09599999999998,38,38,257,257,1.0
28.84399999999999,77.11599999999997,42,42,304,304,1.0
28.84399999999999,77.13599999999997,37,37,499,499,1.0
28.84399999999999,77.15599999999996,37,37,499,499,1.0
28.84399999999999,77.17599999999996,36,36,1106,1106,1.0
28.84399999999999,77.19599999999996,36,36,1097,1097,1.0
28.84399999999999,77.21599999999995,37,37,2006,2006,1.0
28.84399999999999,77.23599999999995,30,30,1969,1969,1.0
28.84399999999999,77.25599999999994,33,44,2346,1759,0.955988
28.84399999999999,77.27599999999994,36,43,2014,1686,0.951098
28.84399999999999,77.29599999999994,36,43,2014,1686,0.951098
28.84399999999999,77.31599999999993,91,91,1098,1098,1.0
28.84399999999999,77.33599999999993,36,36,2108,2108,1.0
28.84399999999999,77.35599999999992,91,91,1098,1098,1.0
28.84399999999999,77.37599999999992,33,33,748,748,1.0
28.86399999999999,76.936,28,37,1459,1104,0.874473
28.86399999999999,76.956,88,88,1093,1093,1.0
28.86399999999999,76.976,88,88,1093,1093,1.0
28.86399999999999,76.996,42,47,2229,1992,0.906281
28.86399999999999,77.01599999999999,75,75,816,816,1.0
28.86399999999999,77.03599999999999,43,43,1369,1369,1.0
28.86399999999999,77.05599999999998,37,43,1592,1369,0.752779
28.86399999999999,77.07599999999998,36,43,1512,1266,0.833809
28.86399999999999,77.09599999999998,28,33,397,337,0.897645
28.86399999999999,77.11599999999997,69,69,1072,1072,1.0
28.86399999999999,77.13599999999997,67,67,1081,1081,1.0
28.86399999999999,77.15599999999996,34,34,610,610,1.0
28.86399999999999,77.17599999999996,34,34,610,610,1.0
28.86399999999999,77.19599999999996,35,35,855,855,1.0
28.86399999999999,77.21599999999995,35,35,855,855,1.0
28.86399999999999,77.23599999999995,30,30,1969,1969,1.0
28.86399999999999,77.25599999999994,30,30,1969,1969,1.0
28.86399999999999,77.27599999999994,30,30,1969,1969,1.0
28.86399999999999,77.29599999999994,44,44,617,617,1.0
28.86399999999999,77.31599999999993,34,34,1974,1974,1.0
28.86399999999999,77.33599999999993,91,91,1135,1135,1.0
28.86399999999999,77.35599999999992,49,49,1573,1573,1.0
28.86399999999999,77.37599999999992,33,33,748,748,1.0
